"Header","Function","Gauche","Implement","Test","Status","Note"
"hpdf.h","HPDF_AddPage","hpdf-add-page","Yes","No","NG",
"hpdf.h","HPDF_AddPageLabel","hpdf-add-page-label","No","No","NG",
"hpdf.h","HPDF_CreateExtGState","hpdf-create-ext-gstate","No","No","NG",
"hpdf.h","HPDF_CreateOutline","hpdf-create-outline","Yes","No","NG",
"hpdf.h","HPDF_Destination_SetFit","hpdf-destination-set-fit","No","No","NG",
"hpdf.h","HPDF_Destination_SetFitB","hpdf-destination-set-fitb","No","No","NG",
"hpdf.h","HPDF_Destination_SetFitBH","hpdf-destination-set-fitbh","No","No","NG",
"hpdf.h","HPDF_Destination_SetFitBV","hpdf-destination-set-fitbv","No","No","NG",
"hpdf.h","HPDF_Destination_SetFitH","hpdf-destination-set-fith","No","No","NG",
"hpdf.h","HPDF_Destination_SetFitR","hpdf-destination-set-fitr","No","No","NG",
"hpdf.h","HPDF_Destination_SetFitV","hpdf-destination-set-fitv","No","No","NG",
"hpdf.h","HPDF_Destination_SetXYZ","hpdf-destination-set-xyz","No","No","NG",
"hpdf.h","HPDF_Encoder_GetByteType","hpdf-encoder-get-byte-type","No","No","NG",
"hpdf.h","HPDF_Encoder_GetType","hpdf-encoder-get-type","No","No","NG",
"hpdf.h","HPDF_Encoder_GetUnicode","hpdf-encoder-get-unicode","No","No","NG",
"hpdf.h","HPDF_Encoder_GetWritingMode","hpdf-encoder-get-writing-mode","No","No","NG",
"hpdf.h","HPDF_ExtGState_SetAlphaFill","hpdf-ext-gstate-set-alpha-fill","No","No","NG",
"hpdf.h","HPDF_ExtGState_SetAlphaStroke","hpdf-ext-gstate-set-alpha-stroke","No","No","NG",
"hpdf.h","HPDF_ExtGState_SetBlendMode","hpdf-ext-gstate-set-blend-mode","No","No","NG",
"hpdf.h","HPDF_Font_GetAscent","hpdf-font-get-ascent","No","No","NG",
"hpdf.h","HPDF_Font_GetBBox","hpdf-font-get-bbox","No","No","NG",
"hpdf.h","HPDF_Font_GetCapHeight","hpdf-font-get-cap-height","No","No","NG",
"hpdf.h","HPDF_Font_GetDescent","hpdf-font-get-descent","No","No","NG",
"hpdf.h","HPDF_Font_GetEncodingName","hpdf-font-get-encoding-name","No","No","NG",
"hpdf.h","HPDF_Font_GetFontName","hpdf-font-get-font-name","No","No","NG",
"hpdf.h","HPDF_Font_GetUnicodeWidth","hpdf-font-get-unicode-width","No","No","NG",
"hpdf.h","HPDF_Font_GetXHeight","hpdf-font-get-xheight","No","No","NG",
"hpdf.h","HPDF_Font_MeasureText","hpdf-font-measure-text","No","No","NG",
"hpdf.h","HPDF_Font_TextWidth","hpdf-font-text-width","No","No","NG",
"hpdf.h","HPDF_Free","hpdf-free","No","No","NG",
"hpdf.h","HPDF_FreeDoc","hpdf-free-doc","No","No","NG",
"hpdf.h","HPDF_FreeDocAll","hpdf-free-doc-all","No","No","NG",
"hpdf.h","HPDF_GetCurrentEncoder","hpdf-get-current-encoder","No","No","NG",
"hpdf.h","HPDF_GetCurrentPage","hpdf-get-current-page","No","No","NG",
"hpdf.h","HPDF_GetEncoder","hpdf-get-encoder","No","No","NG",
"hpdf.h","HPDF_GetError","hpdf-get-error","No","No","NG",
"hpdf.h","HPDF_GetErrorDetail","hpdf-get-error-detail","No","No","NG",
"hpdf.h","HPDF_GetFont","hpdf-get-font","Yes","Yes","OK",
"hpdf.h","HPDF_GetInfoAttr","hpdf-get-info-attr","Yes","Yes","OK",
"hpdf.h","HPDF_GetPageByIndex","hpdf-get-page-by-index","No","No","NG",
"hpdf.h","HPDF_GetPageLayout","hpdf-get-page-layout","No","No","NG",
"hpdf.h","HPDF_GetPageMode","hpdf-get-page-mode","No","No","NG",
"hpdf.h","HPDF_GetStreamSize","hpdf-get-stream-size","No","No","NG",
"hpdf.h","HPDF_GetVersion","hpdf-get-version","Yes","Yes","OK",
"hpdf.h","HPDF_GetViewerPreference","hpdf-get-viewer-preference","No","No","NG",
"hpdf.h","HPDF_HasDoc","hpdf-has-doc","No","No","NG",
"hpdf.h","HPDF_Image_GetBitsPerComponent","hpdf-image-get-bits-per-component","No","No","NG",
"hpdf.h","HPDF_Image_GetColorSpace","hpdf-image-get-color-space","No","No","NG",
"hpdf.h","HPDF_Image_GetHeight","hpdf-image-get-height","No","No","NG",
"hpdf.h","HPDF_Image_GetSize","hpdf-image-get-size","No","No","NG",
"hpdf.h","HPDF_Image_GetSize2","hpdf-image-get-size2","No","No","NG",
"hpdf.h","HPDF_Image_GetWidth","hpdf-image-get-width","No","No","NG",
"hpdf.h","HPDF_Image_SetColorMask","hpdf-image-set-color-mask","No","No","NG",
"hpdf.h","HPDF_Image_SetMaskImage","hpdf-image-set-mask-image","No","No","NG",
"hpdf.h","HPDF_InsertPage","hpdf-insert-page","No","No","NG",
"hpdf.h","HPDF_LinkAnnot_SetBorderStyle","hpdf-link-annot-set-border-style","No","No","NG",
"hpdf.h","HPDF_LinkAnnot_SetHighlightMode","hpdf-link-annot-set-highlight-mode","No","No","NG",
"hpdf.h","HPDF_LoadJpegImageFromFile","hpdf-load-jpeg-image-from-file","No","No","NG",
"hpdf.h","HPDF_LoadPngImageFromFile","hpdf-load-png-image-from-file","No","No","NG",
"hpdf.h","HPDF_LoadPngImageFromFile2","hpdf-load-png-image-from-file2","No","No","NG",
"hpdf.h","HPDF_LoadRawImageFromFile","hpdf-load-raw-image-from-file","No","No","NG",
"hpdf.h","HPDF_LoadRawImageFromMem","hpdf-load-raw-image-from-mem","No","No","NG",
"hpdf.h","HPDF_LoadTTFontFromFile","hpdf-load-ttf-font-from-file","Yes","Yes","OK",
"hpdf.h","HPDF_LoadTTFontFromFile2","hpdf-load-ttf-font-from-file2","Yes","Yes","OK",
"hpdf.h","HPDF_LoadType1FontFromFile","hpdf-load-type1-font-from-file","Yes","No","NG",
"hpdf.h","HPDF_New","hpdf-new","Yes","No","NG",
"hpdf.h","HPDF_NewDoc","hpdf-new-doc","No","No","NG",
"hpdf.h","HPDF_NewEx","hpdf-new-ex","No","No","NG",
"hpdf.h","HPDF_Outline_SetDestination","hpdf-outline-set-destination","No","No","NG",
"hpdf.h","HPDF_Outline_SetOpened","hpdf-outline-set-opened","No","No","NG",
"hpdf.h","HPDF_Page_Arc","hpdf-page-arc","No","No","NG",
"hpdf.h","HPDF_Page_BeginText","hpdf-page-begin-text","No","No","NG",
"hpdf.h","HPDF_Page_Circle","hpdf-page-circle","No","No","NG",
"hpdf.h","HPDF_Page_Clip","hpdf-page-clip","No","No","NG",
"hpdf.h","HPDF_Page_ClosePath","hpdf-page-close-path","No","No","NG",
"hpdf.h","HPDF_Page_ClosePathEofillStroke","hpdf-page-close-path-eofill-stroke","No","No","NG",
"hpdf.h","HPDF_Page_ClosePathFillStroke","hpdf-page-close-path-fill-stroke","No","No","NG",
"hpdf.h","HPDF_Page_ClosePathStroke","hpdf-page-close-path-stroke","No","No","NG",
"hpdf.h","HPDF_Page_Concat","hpdf-page-concat","No","No","NG",
"hpdf.h","HPDF_Page_CreateDestination","hpdf-page-create-destination","No","No","NG",
"hpdf.h","HPDF_Page_CreateLinkAnnot","hpdf-page-create-link-annot","No","No","NG",
"hpdf.h","HPDF_Page_CreateTextAnnot","hpdf-page-create-text-annot","No","No","NG",
"hpdf.h","HPDF_Page_CreateURILinkAnnot","hpdf-page-crate-uri-link-annot","No","No","NG",
"hpdf.h","HPDF_Page_CurveTo","hpdf-page-curve-to","No","No","NG",
"hpdf.h","HPDF_Page_CurveTo2","hpdf-page-curve-to2","No","No","NG",
"hpdf.h","HPDF_Page_CurveTo3","hpdf-page-curve-to3","No","No","NG",
"hpdf.h","HPDF_Page_DrawImage","hpdf-page-draw-image","No","No","NG",
"hpdf.h","HPDF_Page_Ellipse","hpdf-page-ellipse","No","No","NG",
"hpdf.h","HPDF_Page_EndPath","hpdf-page-end-path","No","No","NG",
"hpdf.h","HPDF_Page_EndText","hpdf-page-end-text","No","No","NG",
"hpdf.h","HPDF_Page_Eoclip","hpdf-page-eoclip","No","No","NG",
"hpdf.h","HPDF_Page_Eofill","hpdf-page-eofill","No","No","NG",
"hpdf.h","HPDF_Page_EofillStroke","hpdf-page-eofill-stroke","No","No","NG",
"hpdf.h","HPDF_Page_ExecuteXObject","hpdf-page-execute-xobject","No","No","NG",
"hpdf.h","HPDF_Page_Fill","hpdf-page-fill","No","No","NG",
"hpdf.h","HPDF_Page_FillStroke","hpdf-page-fill-stroke","No","No","NG",
"hpdf.h","HPDF_Page_GRestore","hpdf-page-fill-stroke","No","No","NG",
"hpdf.h","HPDF_Page_GSave","hpdf-page-gsave","No","No","NG",
"hpdf.h","HPDF_Page_GetCMYKFill","hpdf-page-get-cmyk-fill","No","No","NG",
"hpdf.h","HPDF_Page_GetCMYKStroke","hpdf-page-get-cmyk-stroke","No","No","NG",
"hpdf.h","HPDF_Page_GetCharSpace","hpdf-page-get-char-size","No","No","NG",
"hpdf.h","HPDF_Page_GetCurrentFont","hpdf-page-get-current-font","No","No","NG",
"hpdf.h","HPDF_Page_GetCurrentFontSize","hpdf-page-get-current-font-size","No","No","NG",
"hpdf.h","HPDF_Page_GetCurrentPos","hpdf-page-get-current-pos","No","No","NG",
"hpdf.h","HPDF_Page_GetCurrentPos2","hpdf-page-get-current-pos2","No","No","NG",
"hpdf.h","HPDF_Page_GetCurrentTextPos","hpdf-page-get-current-text-pos","No","No","NG",
"hpdf.h","HPDF_Page_GetCurrentTextPos2","hpdf-page-get-current-text-pos2","No","No","NG",
"hpdf.h","HPDF_Page_GetDash","hpdf-page-get-dash","No","No","NG",
"hpdf.h","HPDF_Page_GetFillingColorSpace","hpdf-page-get-filling-color-space","No","No","NG",
"hpdf.h","HPDF_Page_GetFlat","hpdf-page-get-flat","No","No","NG",
"hpdf.h","HPDF_Page_GetGMode","hpdf-page-get-gmode","No","No","NG",
"hpdf.h","HPDF_Page_GetGStateDepth","hpdf-page-get-gstate-depth","No","No","NG",
"hpdf.h","HPDF_Page_GetGrayFill","hpdf-page-get-gray-fill","No","No","NG",
"hpdf.h","HPDF_Page_GetGrayStroke","hpdf-page-get-gray-stroke","No","No","NG",
"hpdf.h","HPDF_Page_GetHeight","hpdf-page-get-height","No","No","NG",
"hpdf.h","HPDF_Page_GetHorizontalScalling","hpdf-page-get-horizontal-scaling","No","No","NG",
"hpdf.h","HPDF_Page_GetLineCap","hpdf-page-get-line-cap","No","No","NG",
"hpdf.h","HPDF_Page_GetLineJoin","hpdf-page-get-line-join","No","No","NG",
"hpdf.h","HPDF_Page_GetLineWidth","hpdf-page-get-line-width","No","No","NG",
"hpdf.h","HPDF_Page_GetMiterLimit","hpdf-page-get-miter-limit","No","No","NG",
"hpdf.h","HPDF_Page_GetRGBFill","hpdf-page-get-rgb-fill","No","No","NG",
"hpdf.h","HPDF_Page_GetRGBStroke","hpdf-page-get-rgb-stroke","No","No","NG",
"hpdf.h","HPDF_Page_GetStrokingColorSpace","hpdf-page-get-stroking-color-space","No","No","NG",
"hpdf.h","HPDF_Page_GetTextLeading","hpdf-page-get-text-leading","No","No","NG",
"hpdf.h","HPDF_Page_GetTextMatrix","hpdf-page-get-text-matrix","No","No","NG",
"hpdf.h","HPDF_Page_GetTextRaise","hpdf-page-get-text-raise","No","No","NG",
"hpdf.h","HPDF_Page_GetTextRenderingMode","hpdf-page-get-text-rendering-mode","No","No","NG",
"hpdf.h","HPDF_Page_GetTextRise","hpdf-page-get-text-rise","No","No","NG",
"hpdf.h","HPDF_Page_GetTransMatrix","hpdf-page-get-trans-matrix","No","No","NG",
"hpdf.h","HPDF_Page_GetWidth","hpdf-page-get-width","No","No","NG",
"hpdf.h","HPDF_Page_GetWordSpace","hpdf-page-get-word-space","No","No","NG",
"hpdf.h","HPDF_Page_LineTo","hpdf-page-line-to","No","No","NG",
"hpdf.h","HPDF_Page_MeasureText","hpdf-page-measure-text","No","No","NG",
"hpdf.h","HPDF_Page_MoveTextPos","hpdf-page-move-text-pos","No","No","NG",
"hpdf.h","HPDF_Page_MoveTextPos2","hpdf-page-move-text-pos2","No","No","NG",
"hpdf.h","HPDF_Page_MoveTo","hpdf-page-move-to","No","No","NG",
"hpdf.h","HPDF_Page_MoveToNextLine","hpdf-page-move-to-next-line","No","No","NG",
"hpdf.h","HPDF_Page_Rectangle","hpdf-page-rectangle","No","No","NG",
"hpdf.h","HPDF_Page_SetCMYKFill","hpdf-page-set-cmyk-fill","No","No","NG",
"hpdf.h","HPDF_Page_SetCMYKStroke","hpdf-page-set-cmyk-stroke","No","No","NG",
"hpdf.h","HPDF_Page_SetCharSpace","hpdf-page-set-char-space","No","No","NG",
"hpdf.h","HPDF_Page_SetDash","hpdf-page-set-dash","No","No","NG",
"hpdf.h","HPDF_Page_SetExtGState","hpdf-page-set-ext-gstate","No","No","NG",
"hpdf.h","HPDF_Page_SetFlat","hpdf-page-set-flat","No","No","NG",
"hpdf.h","HPDF_Page_SetFontAndSize","hpdf-page-set-font-and-size","No","No","NG",
"hpdf.h","HPDF_Page_SetGrayFill","hpdf-page-set-gray-fill","No","No","NG",
"hpdf.h","HPDF_Page_SetGrayStroke","hpdf-page-set-gray-stroke","No","No","NG",
"hpdf.h","HPDF_Page_SetHeight","hpdf-page-set-height","No","No","NG",
"hpdf.h","HPDF_Page_SetHorizontalScalling","hpdf-page-set-horizontal-scaling","No","No","NG",
"hpdf.h","HPDF_Page_SetLineCap","hpdf-page-set-line-cap","No","No","NG",
"hpdf.h","HPDF_Page_SetLineJoin","hpdf-page-set-line-join","No","No","NG",
"hpdf.h","HPDF_Page_SetLineWidth","hpdf-page-set-line-width","No","No","NG",
"hpdf.h","HPDF_Page_SetMiterLimit","hpdf-page-set-miter-limit","No","No","NG",
"hpdf.h","HPDF_Page_SetRGBFill","hpdf-page-set-rgb-fill","No","No","NG",
"hpdf.h","HPDF_Page_SetRGBStroke","hpdf-page-set-rgb-stroke","No","No","NG",
"hpdf.h","HPDF_Page_SetRotate","hpdf-page-set-rotate","No","No","NG",
"hpdf.h","HPDF_Page_SetSize","hpdf-page-set-size","No","No","NG",
"hpdf.h","HPDF_Page_SetSlideShow","hpdf-page-set-slide-show","No","No","NG",
"hpdf.h","HPDF_Page_SetTextLeading","hpdf-page-set-text-leading","No","No","NG",
"hpdf.h","HPDF_Page_SetTextMatrix","hpdf-page-set-text-matrix","No","No","NG",
"hpdf.h","HPDF_Page_SetTextRaise","hpdf-page-set-text-raise","No","No","NG",
"hpdf.h","HPDF_Page_SetTextRenderingMode","hpdf-page-set-text-rendering-mode","No","No","NG",
"hpdf.h","HPDF_Page_SetTextRise","hpdf-page-set-text-rise","No","No","NG",
"hpdf.h","HPDF_Page_SetWidth","hpdf-page-set-width","No","No","NG",
"hpdf.h","HPDF_Page_SetWordSpace","hpdf-page-set-word-space","No","No","NG",
"hpdf.h","HPDF_Page_ShowText","hpdf-page-show-text","Yes","No","NG",
"hpdf.h","HPDF_Page_ShowTextNextLine","hpdf-page-show-text-next-line","Yes","No","NG",
"hpdf.h","HPDF_Page_ShowTextNextLineEx","hpdf-page-show-text-next-line-ex","No","No","NG",
"hpdf.h","HPDF_Page_Stroke","hpdf-page-stroke","No","No","NG",
"hpdf.h","HPDF_Page_TextOut","hpdf-page-text-out","No","No","NG",
"hpdf.h","HPDF_Page_TextRect","hpdf-page-text-rect","No","No","NG",
"hpdf.h","HPDF_Page_TextWidth","hpdf-page-text-width","No","No","NG",
"hpdf.h","HPDF_ReadFromStream","hpdf-read-from-stream","No","No","NG",
"hpdf.h","HPDF_ResetError","hpdf-reset-error","No","No","NG",
"hpdf.h","HPDF_ResetStream","hpdf-reset-stream","No","No","NG",
"hpdf.h","HPDF_SaveToFile","hpdf-save-to-file","Yes","Yes","OK",
"hpdf.h","HPDF_SaveToStream","hpdf-save-to-stream","No","No","NG",
"hpdf.h","HPDF_SetCompressionMode","hpdf-set-compression-mode","Yes","No","NG",
"hpdf.h","HPDF_SetCurrentEncoder","hpdf-set-current-encoder","No","No","NG",
"hpdf.h","HPDF_SetEncryptionMode","hpdf-set-encryption-mode","No","No","NG",
"hpdf.h","HPDF_SetErrorHandler","hpdf-set-error-handler","No","No","NG",
"hpdf.h","HPDF_SetInfoAttr","hpdf-set-info-attr","Yes","Yes","OK",
"hpdf.h","HPDF_SetInfoDateAttr","hpdf-set-info-date-attr","No","No","NG",
"hpdf.h","HPDF_SetOpenAction","hpdf-set-open-action","No","No","NG",
"hpdf.h","HPDF_SetPageLayout","hpdf-set-page-layout","No","No","NG",
"hpdf.h","HPDF_SetPageMode","hpdf-set-page-mode","No","No","NG",
"hpdf.h","HPDF_SetPagesConfiguration","hpdf-set-pages-configuration","No","No","NG",
"hpdf.h","HPDF_SetPassword","hpdf-set-password","Yes","Yes","OK",
"hpdf.h","HPDF_SetPermission","hpdf-set-permission","Yes","Yes","OK",
"hpdf.h","HPDF_SetViewerPreference","hpdf-set-viewer-preference","No","No","NG",
"hpdf.h","HPDF_TextAnnot_SetIcon","hpdf-text-annot-set-icon","No","No","NG",
"hpdf.h","HPDF_TextAnnot_SetOpened","hpdf-text-annot-set-opened","No","No","NG",
"hpdf.h","HPDF_UseCNSEncodings","hpdf-use-cns-encodings","Yes","No","NG",
"hpdf.h","HPDF_UseCNSFonts","hpdf-use-cns-fonts","Yes","No","NG",
"hpdf.h","HPDF_UseCNTEncodings","hpdf-use-cnt-encodings","Yes","No","NG",
"hpdf.h","HPDF_UseCNTFonts","hpdf-use-cnt-fonts","Yes","No","NG",
"hpdf.h","HPDF_UseJPEncodings","hpdf-use-jp-encodings","Yes","No","NG",
"hpdf.h","HPDF_UseJPFonts","hpdf-use-jp-fonts","Yes","No","NG",
"hpdf.h","HPDF_UseKREncodings","hpdf-use-kr-encodings","Yes","No","NG",
"hpdf.h","HPDF_UseKRFonts","hpdf-use-kr-fonts","Yes","No","NG",
"hpdf_annotation.h","HPDF_Annotation_New",,"No","No","NG",
"hpdf_annotation.h","HPDF_Annotation_SetBorderStyle",,"No","No","NG",
"hpdf_annotation.h","HPDF_Annotation_Validate",,"No","No","NG",
"hpdf_annotation.h","HPDF_LinkAnnot_New",,"No","No","NG",
"hpdf_annotation.h","HPDF_TextAnnot_New",,"No","No","NG",
"hpdf_annotation.h","HPDF_URILinkAnnot_New",,"No","No","NG",
"hpdf_catalog.h","HPDF_Catalog_AddPageLabel",,"No","No","NG",
"hpdf_catalog.h","HPDF_Catalog_GetPageLayout",,"No","No","NG",
"hpdf_catalog.h","HPDF_Catalog_GetPageMode",,"No","No","NG",
"hpdf_catalog.h","HPDF_Catalog_GetRoot",,"No","No","NG",
"hpdf_catalog.h","HPDF_Catalog_GetViewerPreference",,"No","No","NG",
"hpdf_catalog.h","HPDF_Catalog_New",,"No","No","NG",
"hpdf_catalog.h","HPDF_Catalog_SetOpenAction",,"No","No","NG",
"hpdf_catalog.h","HPDF_Catalog_SetPageLayout",,"No","No","NG",
"hpdf_catalog.h","HPDF_Catalog_SetPageMode",,"No","No","NG",
"hpdf_catalog.h","HPDF_Catalog_SetViewerPreference",,"No","No","NG",
"hpdf_catalog.h","HPDF_Catalog_Validate",,"No","No","NG",
"hpdf_destination.h","HPDF_Destination_New",,"No","No","NG",
"hpdf_destination.h","HPDF_Destination_Validate",,"No","No","NG",
"hpdf_doc.h","HPDF_Doc_AddPagesTo",,"No","No","NG",
"hpdf_doc.h","HPDF_Doc_FindEncoder",,"No","No","NG",
"hpdf_doc.h","HPDF_Doc_FindFont",,"No","No","NG",
"hpdf_doc.h","HPDF_Doc_FindFontDef",,"No","No","NG",
"hpdf_doc.h","HPDF_Doc_GetCurrentPages",,"No","No","NG",
"hpdf_doc.h","HPDF_Doc_PrepareEncryption",,"No","No","NG",
"hpdf_doc.h","HPDF_Doc_RegisterEncoder",,"No","No","NG",
"hpdf_doc.h","HPDF_Doc_RegisterFontDef",,"No","No","NG",
"hpdf_doc.h","HPDF_Doc_SetCurrentPage",,"No","No","NG",
"hpdf_doc.h","HPDF_Doc_SetCurrentPages",,"No","No","NG",
"hpdf_doc.h","HPDF_Doc_SetEncryptOff",,"No","No","NG",
"hpdf_doc.h","HPDF_Doc_SetEncryptOn",,"No","No","NG",
"hpdf_doc.h","HPDF_Doc_Validate",,"No","No","NG",
"hpdf_doc.h","HPDF_GetFontDef","hpdf-get-font-def","No","No","NG",
"hpdf_encoder.h","HPDF_BasicEncoder_Free","hpdf-basic-encoder-new","No","No","NG",
"hpdf_encoder.h","HPDF_BasicEncoder_New","hpdf-basic-encoder-to-unicode","No","No","NG",
"hpdf_encoder.h","HPDF_BasicEncoder_ToUnicode",,"No","No","NG",
"hpdf_encoder.h","HPDF_BasicEncoder_Write",,"No","No","NG",
"hpdf_encoder.h","HPDF_CMapEncoder_AddCMap",,"No","No","NG",
"hpdf_encoder.h","HPDF_CMapEncoder_AddCodeSpaceRange",,"No","No","NG",
"hpdf_encoder.h","HPDF_CMapEncoder_AddJWWLineHead",,"No","No","NG",
"hpdf_encoder.h","HPDF_CMapEncoder_AddNotDefRange",,"No","No","NG",
"hpdf_encoder.h","HPDF_CMapEncoder_ByteType",,"No","No","NG",
"hpdf_encoder.h","HPDF_CMapEncoder_Free",,"No","No","NG",
"hpdf_encoder.h","HPDF_CMapEncoder_InitAttr",,"No","No","NG",
"hpdf_encoder.h","HPDF_CMapEncoder_New",,"No","No","NG",
"hpdf_encoder.h","HPDF_CMapEncoder_SetParseText",,"No","No","NG",
"hpdf_encoder.h","HPDF_CMapEncoder_SetUnicodeArray",,"No","No","NG",
"hpdf_encoder.h","HPDF_CMapEncoder_ToCID",,"No","No","NG",
"hpdf_encoder.h","HPDF_CMapEncoder_ToUnicode",,"No","No","NG",
"hpdf_encoder.h","HPDF_CMapEncoder_Write",,"No","No","NG",
"hpdf_encoder.h","HPDF_Encoder_ByteType",,"No","No","NG",
"hpdf_encoder.h","HPDF_Encoder_CheckJWWLineHead",,"No","No","NG",
"hpdf_encoder.h","HPDF_Encoder_Free",,"No","No","NG",
"hpdf_encoder.h","HPDF_Encoder_SetParseText",,"No","No","NG",
"hpdf_encoder.h","HPDF_Encoder_ToUnicode",,"No","No","NG",
"hpdf_encoder.h","HPDF_Encoder_Validate",,"No","No","NG",
"hpdf_encoder.h","HPDF_GryphNameToUnicode",,"No","No","NG",
"hpdf_encoder.h","HPDF_UnicodeToGryphName",,"No","No","NG",
"hpdf_encrypt.h","HPDF_Encrypt_CreateEncryptionKey",,"No","No","NG",
"hpdf_encrypt.h","HPDF_Encrypt_CreateOwnerKey",,"No","No","NG",
"hpdf_encrypt.h","HPDF_Encrypt_CreateUserKey",,"No","No","NG",
"hpdf_encrypt.h","HPDF_Encrypt_CryptBuf",,"No","No","NG",
"hpdf_encrypt.h","HPDF_Encrypt_Init",,"No","No","NG",
"hpdf_encrypt.h","HPDF_Encrypt_InitKey",,"No","No","NG",
"hpdf_encrypt.h","HPDF_Encrypt_Reset",,"No","No","NG",
"hpdf_encrypt.h","HPDF_MD5Final",,"No","No","NG",
"hpdf_encrypt.h","HPDF_MD5Init",,"No","No","NG",
"hpdf_encrypt.h","HPDF_MD5Update",,"No","No","NG",
"hpdf_encrypt.h","HPDF_PadOrTrancatePasswd",,"No","No","NG",
"hpdf_encryptdict.h","HPDF_EncryptDict_CreateID",,"No","No","NG",
"hpdf_encryptdict.h","HPDF_EncryptDict_GetAttr",,"No","No","NG",
"hpdf_encryptdict.h","HPDF_EncryptDict_New",,"No","No","NG",
"hpdf_encryptdict.h","HPDF_EncryptDict_OnFree",,"No","No","NG",
"hpdf_encryptdict.h","HPDF_EncryptDict_Prepare",,"No","No","NG",
"hpdf_encryptdict.h","HPDF_EncryptDict_SetPassword",,"No","No","NG",
"hpdf_encryptdict.h","HPDF_EncryptDict_Validate",,"No","No","NG",
"hpdf_error.h","HPDF_CheckError",,"No","No","NG",
"hpdf_error.h","HPDF_Error_GetCode",,"No","No","NG",
"hpdf_error.h","HPDF_Error_GetDetailCode",,"No","No","NG",
"hpdf_error.h","HPDF_Error_Init",,"No","No","NG",
"hpdf_error.h","HPDF_Error_Reset",,"No","No","NG",
"hpdf_error.h","HPDF_RaiseError",,"No","No","NG",
"hpdf_error.h","HPDF_SetError",,"No","No","NG",
"hpdf_ext_gstate.h","HPDF_ExtGState_New",,"No","No","NG",
"hpdf_ext_gstate.h","HPDF_ExtGState_Validate",,"No","No","NG",
"hpdf_font.h","HPDF_Font_Validate",,"No","No","NG",
"hpdf_font.h","HPDF_TTFont_New",,"No","No","NG",
"hpdf_font.h","HPDF_Type0Font_New",,"No","No","NG",
"hpdf_font.h","HPDF_Type1Font_New",,"No","No","NG",
"hpdf_fontdef.h","HPDF_Base14FontDef_New",,"No","No","NG",
"hpdf_fontdef.h","HPDF_CIDFontDef_AddWidth",,"No","No","NG",
"hpdf_fontdef.h","HPDF_CIDFontDef_ChangeStyle",,"No","No","NG",
"hpdf_fontdef.h","HPDF_CIDFontDef_GetCIDWidth",,"No","No","NG",
"hpdf_fontdef.h","HPDF_CIDFontDef_New",,"No","No","NG",
"hpdf_fontdef.h","HPDF_FontDef_Cleanup",,"No","No","NG",
"hpdf_fontdef.h","HPDF_FontDef_Free",,"No","No","NG",
"hpdf_fontdef.h","HPDF_FontDef_Validate",,"No","No","NG",
"hpdf_fontdef.h","HPDF_TTFontDef_GetCharBBox",,"No","No","NG",
"hpdf_fontdef.h","HPDF_TTFontDef_GetCharWidth",,"No","No","NG",
"hpdf_fontdef.h","HPDF_TTFontDef_GetGidWidth",,"No","No","NG",
"hpdf_fontdef.h","HPDF_TTFontDef_GetGlyphid",,"No","No","NG",
"hpdf_fontdef.h","HPDF_TTFontDef_Load",,"No","No","NG",
"hpdf_fontdef.h","HPDF_TTFontDef_Load2",,"No","No","NG",
"hpdf_fontdef.h","HPDF_TTFontDef_New",,"No","No","NG",
"hpdf_fontdef.h","HPDF_TTFontDef_SaveFontData",,"No","No","NG",
"hpdf_fontdef.h","HPDF_TTFontDef_SetTagName",,"No","No","NG",
"hpdf_fontdef.h","HPDF_Type1FontDef_Duplicate",,"No","No","NG",
"hpdf_fontdef.h","HPDF_Type1FontDef_GetWidth",,"No","No","NG",
"hpdf_fontdef.h","HPDF_Type1FontDef_GetWidthByName",,"No","No","NG",
"hpdf_fontdef.h","HPDF_Type1FontDef_Load",,"No","No","NG",
"hpdf_fontdef.h","HPDF_Type1FontDef_New",,"No","No","NG",
"hpdf_fontdef.h","HPDF_Type1FontDef_SetWidths",,"No","No","NG",
"hpdf_gstate.h","HPDF_GState_Free",,"No","No","NG",
"hpdf_gstate.h","HPDF_GState_New",,"No","No","NG",
"hpdf_image.h","HPDF_Image_LoadJpegImage",,"No","No","NG",
"hpdf_image.h","HPDF_Image_LoadPngImage",,"No","No","NG",
"hpdf_image.h","HPDF_Image_LoadRawImage",,"No","No","NG",
"hpdf_image.h","HPDF_Image_LoadRawImageFromMem",,"No","No","NG",
"hpdf_image.h","HPDF_Image_SetMask",,"No","No","NG",
"hpdf_image.h","HPDF_Image_Validate",,"No","No","NG",
"hpdf_info.h","HPDF_Info_GetInfoAttr",,"No","No","NG",
"hpdf_info.h","HPDF_Info_SetInfoAttr",,"No","No","NG",
"hpdf_info.h","HPDF_Info_SetInfoDateAttr",,"No","No","NG",
"hpdf_list.h","HPDF_List_Add",,"No","No","NG",
"hpdf_list.h","HPDF_List_Clear",,"No","No","NG",
"hpdf_list.h","HPDF_List_Find",,"No","No","NG",
"hpdf_list.h","HPDF_List_Free",,"No","No","NG",
"hpdf_list.h","HPDF_List_Insert",,"No","No","NG",
"hpdf_list.h","HPDF_List_ItemAt",,"No","No","NG",
"hpdf_list.h","HPDF_List_New",,"No","No","NG",
"hpdf_list.h","HPDF_List_Remove",,"No","No","NG",
"hpdf_list.h","HPDF_List_RemoveByIndex",,"No","No","NG",
"hpdf_mmgr.h","HPDF_FreeMem",,"No","No","NG",
"hpdf_mmgr.h","HPDF_GetMem",,"No","No","NG",
"hpdf_mmgr.h","HPDF_MMgr_Free",,"No","No","NG",
"hpdf_mmgr.h","HPDF_MMgr_New",,"No","No","NG",
"hpdf_objects.h","HPDF_Array_Add",,"No","No","NG",
"hpdf_objects.h","HPDF_Array_AddName",,"No","No","NG",
"hpdf_objects.h","HPDF_Array_AddNumber",,"No","No","NG",
"hpdf_objects.h","HPDF_Array_AddReal",,"No","No","NG",
"hpdf_objects.h","HPDF_Array_Clear",,"No","No","NG",
"hpdf_objects.h","HPDF_Array_Free",,"No","No","NG",
"hpdf_objects.h","HPDF_Array_GetItem",,"No","No","NG",
"hpdf_objects.h","HPDF_Array_Insert",,"No","No","NG",
"hpdf_objects.h","HPDF_Array_New",,"No","No","NG",
"hpdf_objects.h","HPDF_Array_Write",,"No","No","NG",
"hpdf_objects.h","HPDF_Binary_Free",,"No","No","NG",
"hpdf_objects.h","HPDF_Binary_GetLen",,"No","No","NG",
"hpdf_objects.h","HPDF_Binary_GetValue",,"No","No","NG",
"hpdf_objects.h","HPDF_Binary_New",,"No","No","NG",
"hpdf_objects.h","HPDF_Binary_SetValue",,"No","No","NG",
"hpdf_objects.h","HPDF_Binary_Write",,"No","No","NG",
"hpdf_objects.h","HPDF_Boolean_New",,"No","No","NG",
"hpdf_objects.h","HPDF_Boolean_Write",,"No","No","NG",
"hpdf_objects.h","HPDF_Box_Array_New",,"No","No","NG",
"hpdf_objects.h","HPDF_DictStream_New",,"No","No","NG",
"hpdf_objects.h","HPDF_Dict_Add",,"No","No","NG",
"hpdf_objects.h","HPDF_Dict_AddBoolean",,"No","No","NG",
"hpdf_objects.h","HPDF_Dict_AddName",,"No","No","NG",
"hpdf_objects.h","HPDF_Dict_AddNumber",,"No","No","NG",
"hpdf_objects.h","HPDF_Dict_AddReal",,"No","No","NG",
"hpdf_objects.h","HPDF_Dict_Free",,"No","No","NG",
"hpdf_objects.h","HPDF_Dict_GetItem",,"No","No","NG",
"hpdf_objects.h","HPDF_Dict_GetKeyByObj",,"No","No","NG",
"hpdf_objects.h","HPDF_Dict_New",,"No","No","NG",
"hpdf_objects.h","HPDF_Dict_RemoveElement",,"No","No","NG",
"hpdf_objects.h","HPDF_Dict_Write",,"No","No","NG",
"hpdf_objects.h","HPDF_Name_GetValue",,"No","No","NG",
"hpdf_objects.h","HPDF_Name_New",,"No","No","NG",
"hpdf_objects.h","HPDF_Name_SetValue",,"No","No","NG",
"hpdf_objects.h","HPDF_Name_Write",,"No","No","NG",
"hpdf_objects.h","HPDF_Null_New",,"No","No","NG",
"hpdf_objects.h","HPDF_Number_New",,"No","No","NG",
"hpdf_objects.h","HPDF_Number_SetValue",,"No","No","NG",
"hpdf_objects.h","HPDF_Number_Write",,"No","No","NG",
"hpdf_objects.h","HPDF_Obj_ForceFree",,"No","No","NG",
"hpdf_objects.h","HPDF_Obj_Free",,"No","No","NG",
"hpdf_objects.h","HPDF_Obj_Write",,"No","No","NG",
"hpdf_objects.h","HPDF_Obj_WriteValue",,"No","No","NG",
"hpdf_objects.h","HPDF_Proxy_New",,"No","No","NG",
"hpdf_objects.h","HPDF_Real_New",,"No","No","NG",
"hpdf_objects.h","HPDF_Real_SetValue",,"No","No","NG",
"hpdf_objects.h","HPDF_Real_Write",,"No","No","NG",
"hpdf_objects.h","HPDF_String_Free",,"No","No","NG",
"hpdf_objects.h","HPDF_String_New",,"No","No","NG",
"hpdf_objects.h","HPDF_String_SetValue",,"No","No","NG",
"hpdf_objects.h","HPDF_String_Write",,"No","No","NG",
"hpdf_objects.h","HPDF_Xref_Add",,"No","No","NG",
"hpdf_objects.h","HPDF_Xref_Free",,"No","No","NG",
"hpdf_objects.h","HPDF_Xref_GetEntry",,"No","No","NG",
"hpdf_objects.h","HPDF_Xref_GetEntryByObjectId",,"No","No","NG",
"hpdf_objects.h","HPDF_Xref_New",,"No","No","NG",
"hpdf_objects.h","HPDF_Xref_WriteToStream",,"No","No","NG",
"hpdf_outline.h","HPDF_OutlineRoot_New",,"No","No","NG",
"hpdf_outline.h","HPDF_Outline_GetFirst",,"No","No","NG",
"hpdf_outline.h","HPDF_Outline_GetLast",,"No","No","NG",
"hpdf_outline.h","HPDF_Outline_GetNext",,"No","No","NG",
"hpdf_outline.h","HPDF_Outline_GetOpened",,"No","No","NG",
"hpdf_outline.h","HPDF_Outline_GetParent",,"No","No","NG",
"hpdf_outline.h","HPDF_Outline_GetPrev(HPDF_Outline",,"No","No","NG",
"hpdf_outline.h","HPDF_Outline_New",,"No","No","NG",
"hpdf_outline.h","HPDF_Outline_Validate",,"No","No","NG",
"hpdf_page_label.h","HPDF_PageLabel_New",,"No","No","NG",
"hpdf_pages.h","HPDF_Page_CheckState",,"No","No","NG",
"hpdf_pages.h","HPDF_Page_GetExtGStateName",,"No","No","NG",
"hpdf_pages.h","HPDF_Page_GetInheritableItem",,"No","No","NG",
"hpdf_pages.h","HPDF_Page_GetLocalFontName",,"No","No","NG",
"hpdf_pages.h","HPDF_Page_GetMediaBox",,"No","No","NG",
"hpdf_pages.h","HPDF_Page_GetXObjectName",,"No","No","NG",
"hpdf_pages.h","HPDF_Page_InsertBefore",,"No","No","NG",
"hpdf_pages.h","HPDF_Page_New",,"No","No","NG",
"hpdf_pages.h","HPDF_Page_SetBoxValue",,"No","No","NG",
"hpdf_pages.h","HPDF_Page_SetFilter",,"No","No","NG",
"hpdf_pages.h","HPDF_Page_Validate",,"No","No","NG",
"hpdf_pages.h","HPDF_Pages_AddKids",,"No","No","NG",
"hpdf_pages.h","HPDF_Pages_New",,"No","No","NG",
"hpdf_pages.h","HPDF_Pages_Validate",,"No","No","NG",
"hpdf_streams.h","HPDF_CallbackReader_New",,"No","No","NG",
"hpdf_streams.h","HPDF_CallbackWriter_New",,"No","No","NG",
"hpdf_streams.h","HPDF_FileReader_New",,"No","No","NG",
"hpdf_streams.h","HPDF_FileWriter_New",,"No","No","NG",
"hpdf_streams.h","HPDF_MemStream_FreeData",,"No","No","NG",
"hpdf_streams.h","HPDF_MemStream_GetBufCount",,"No","No","NG",
"hpdf_streams.h","HPDF_MemStream_GetBufPtr",,"No","No","NG",
"hpdf_streams.h","HPDF_MemStream_GetBufSize",,"No","No","NG",
"hpdf_streams.h","HPDF_MemStream_New",,"No","No","NG",
"hpdf_streams.h","HPDF_MemStream_Rewrite",,"No","No","NG",
"hpdf_streams.h","HPDF_Stream_EOF",,"No","No","NG",
"hpdf_streams.h","HPDF_Stream_Flush",,"No","No","NG",
"hpdf_streams.h","HPDF_Stream_Free",,"No","No","NG",
"hpdf_streams.h","HPDF_Stream_Read",,"No","No","NG",
"hpdf_streams.h","HPDF_Stream_ReadLn",,"No","No","NG",
"hpdf_streams.h","HPDF_Stream_Seek",,"No","No","NG",
"hpdf_streams.h","HPDF_Stream_Size",,"No","No","NG",
"hpdf_streams.h","HPDF_Stream_Tell",,"No","No","NG",
"hpdf_streams.h","HPDF_Stream_Validate",,"No","No","NG",
"hpdf_streams.h","HPDF_Stream_Write",,"No","No","NG",
"hpdf_streams.h","HPDF_Stream_WriteBinary",,"No","No","NG",
"hpdf_streams.h","HPDF_Stream_WriteChar",,"No","No","NG",
"hpdf_streams.h","HPDF_Stream_WriteEscapeName",,"No","No","NG",
"hpdf_streams.h","HPDF_Stream_WriteEscapeText",,"No","No","NG",
"hpdf_streams.h","HPDF_Stream_WriteEscapeText2",,"No","No","NG",
"hpdf_streams.h","HPDF_Stream_WriteInt",,"No","No","NG",
"hpdf_streams.h","HPDF_Stream_WriteReal",,"No","No","NG",
"hpdf_streams.h","HPDF_Stream_WriteStr",,"No","No","NG",
"hpdf_streams.h","HPDF_Stream_WriteToStream",,"No","No","NG",
"hpdf_streams.h","HPDF_Stream_WriteUChar",,"No","No","NG",
"hpdf_streams.h","HPDF_Stream_WriteUInt",,"No","No","NG",
"hpdf_utils.h","HPDF_AToF",,"No","No","NG",
"hpdf_utils.h","HPDF_AToI",,"No","No","NG",
"hpdf_utils.h","HPDF_FToA",,"No","No","NG",
"hpdf_utils.h","HPDF_IToA",,"No","No","NG",
"hpdf_utils.h","HPDF_IToA2",,"No","No","NG",
"hpdf_utils.h","HPDF_MemCmp",,"No","No","NG",
"hpdf_utils.h","HPDF_MemCpy",,"No","No","NG",
"hpdf_utils.h","HPDF_MemSet",,"No","No","NG",
"hpdf_utils.h","HPDF_StrCmp",,"No","No","NG",
"hpdf_utils.h","HPDF_StrCpy",,"No","No","NG",
"hpdf_utils.h","HPDF_StrLen",,"No","No","NG",
"hpdf_utils.h","HPDF_StrStr",,"No","No","NG",
"hpdf_utils.h","HPDF_ToBox",,"No","No","NG",
"hpdf_utils.h","HPDF_ToPoint",,"No","No","NG",
"hpdf_utils.h","HPDF_ToRect",,"No","No","NG",
"hpdf_utils.h","HPDF_UInt16Swap",,"No","No","NG",
